SWP,Date,VisitNumber,CloudCover,WindSpeed,Temp,StartTime,EndTime,Observer,TreeCover,MidCanopy,PerNatMA,NatRichnessMA,Common name,Skippers,Silver Spotted skipper,Northern Cloudywing,Dreamy Duskywing,Juvenal's Duskywing ,Mottled Duskywing,Columbine Duskywing,Common Scootywing,Arctic Skipper,Least Skipper,European Skipper,Delaware Skipper,Leonard's Skipper,Indian Skipper,Tawny-edged Skipper,Crossline Skipper,Peck's Skipper,Long Dash Skipper,Northern Broken-Dash,Mulberry Wing ,Hobomok Skipper,Broad-winged Skipper ,Dion Skipper,Two-spotted Skipper,Dun Skipper,Pepper and Salt Skipper,Common Roadside Skipper,Swallowtails,Black Swallowtail,Giant Swallowtail,Canadian Tiger Swallowtail,Whites and Sulphurs ,Checkered White ,Mustard White ,Cabbage White,Olympia Marble,Clouded Sulphur ,Orange Sulphur,Pink-edged Sulphur,Little Yellow ,Gossamer-winged,Harvester,American Copper,Bronze Copper,Bog Copper,Acadian Hairstreak,Coral Hairstreak,Edward's Hairstreak,Banded Hairstreak,Hickory Hairstreak,Striped Hairstreak,Grey Hairstreak,Ealy Hairstreak,Juniper Hairstreek,Brown Elfin,Hoary Elfin,Henry's Elfin,Eastern Pine Elfin ,Eastern Tailed Blue,Spring Azure ,Summer Azure,Cherry Gall Azure,Silvery Blue,Brush-Footed ,American Snout,Variegated Fritillary,Great Spangled Fritillary,Aphodite Fritillary,Atlantis Fritillary,Bog Fritillary,Silver-bordered Fritillary,Meadow Fritillary,Freija Fritillary,Gorgone Checkerspot,Silvery Checkerspot,Harris's Checkerspot,Baltimore Chekerspot,Pearl Crescent,Northern Crescent ,Tawny Crescent ,Question Mark,Eastern Comma,Satyr Comma,Green Comma,Grey Comma,Compton Tortoiseshell,Milbert's Tortoiseshell,Mourning Cloak,American Lady ,Painted  Lady ,Red Admiral,Common Buckeye,White Admiral,Viceroy,Northern Pearly Eye,Eyed Brown,Appalachian Brown,Little Wood Satyr,Common Ringlet,Common Wood-Nymph,Chryxus Arctic ,Jutta Arctic,Monarch,Unknown,OtherBees,BumbleBees,Moths,OtherPollinataors,NumberCircuits,TransectInfo,PerCut,Notes,,,,,,,,,,,,,,,,,,,,
,,,,,,,,,,,,,Scientific Name ,Hesperiidae,Epargyreus clarius,Thorybes pylades,Erynnis icelus,Erynnis juvinalis,Erynnis Martialis ,Erynnis lucilius,Pholisora catullus,Carterocephalus paleamon,Ancyloxypha numitor,Thymelicus lineola,Anatrytone logan,Hesperia leonardus,Hesperia sassasoit,Polites Themistocies,Polites origines,Polites peckius,Polites mystic,Wallengrenia egermet,Poanes massasoit,Poanes hobomok,Poanes viator,Euphyes Dion,Euphyes bimacila,Euphyes vestris,Amblyscrites hegon,Amblyscrites vialis,Papilionidae,Papilio polyxenes,Papilio cresphonates,Papilio canadensis,Pieridae,Pontia protodice,Pieris  oleracea,Pieris rapae,Euchloe olympia,Colias philodice,Colias eurytheme,Colias interior,Eurema lisa,Lycaenidae,Feniseca tarquinius,Lycaena phlaeas,Lycaena hyllus,Lycaena epixanthe,Satyrium acadicum,Satyrium titus,Satyrium edwardsii,Satyrium calanus ,Satyrium caryaevorum,Satyrium liparops,Strymon melinus ,Erora laeta,Callophrys grynea,Callophrys augustinus,Callophrys polia,Callophrys Henrici,Callophrys niphon,Everes comyntas,Celastrina ladon,Celastrina neglecta,Celastrina sp.,Glaucopsyche lygdamus,Nymphalidae,Libytheana Bachmanii,Euptoieta claudia,Speyeria Cybele,Speyeria aphrodite,Speyeria atlatis,Boloria eunomia,Boloria selene,Boloria bellona,Beloria freija,Chlosyne gorgone,Chlosyne nycteis,Chlosyne harisii,Euphydryas phaeton,Phyciodes Tharos,Phyciodes cocyta,Phyciodes batesii,Polygonia interrogationis,Polygonia comma,Polygonia satyrus,Polygonia faunus,Polygonia progne,Nymphalis vaualbum,Nymphalus milberti,Nymphalus antilopa,Vanessa verginiensis,Vanessa cardui,Vanessa atlanta,Junonia coenia,Limenitis arthemis,Liminitis archippus,Enodia anthedon,Satyrodes eurydice,Satyrodes appalachia,Megisto cymela,Coenonypha tullia,Cercyonis pegala,Oeneis chryxus,Oeneis jutta,Danaus plexippus,,,,,,,,,,,,,,,,,,,,,,,,,,,,,
,,,,,,,,,,,,,habitat,,,,,edges and clearings of oak forest,,Open areas often sandy or rocky,,,marshy grassy areas,grassy areas,Open grassy areas,,Open relitively moist grassy areas,moist grassy areas,Open areas but not usualy gardens or disturbed areas,,Open grassy areas,,,grassy woodland trails and clearings,,Wet areas with sedges,,"threatened, open areas near sedges",,,,moist fields and gardens and salt marshes,,"gardens openforests and forest edges, along stream chanels, woodland roads, mud puddles and wet shorelines",,,,"cropland, gardens, weedy places meadows and most open places",,Open areas espesialy disturbed areas and agricultural land,,openings in forests,,,,,open wetlands,,Moist areas with willows,,,,woodland edges,,,,,,,,,sunnymeadows and disturbed areas near rivers and streams,along rivers and streams and edges of open forests and shrubby areas,"Open woodlands, parks and meadows",,open areas where its food plants are,,Moist open woodlands with hackberry trees,,,,,,,meadows and open areas in moist environments,,,Moist open areas,,,,meadows fields and clearings ,,,woodlands and clearings,,,,forest dweller,,forests and meadows and clearings,,,,,woodland edges and clearings,near water and along forest edges,,Open sedge meadows,,,grassy meadows at all elevations,,,,"of speacial concern, fields and meadows",,,,,,,,,,,,,,,,,,,,,,,,,,,,,
1227,08-May-18,1,0,4,17,10:40,12:00,Jesse,5,5,0.268292683,11,,,,,,,,,,,,,,,,,,,,,,,,,,,,,,,,,,,,,,,,,,,,,,,,,,,,,,,,,,,,,,,,,,,,,,,,,,,,,,,,,,,,,,,,,,,,,,,,,,,,,,,,,,3,2,1,,2,,,One Cabbage white Butterfly out of range ,,,,,,,,,,,,,,,,,,,,
1227,07-Jun-18,2,80,3.0-4,19,1:46,3:15,Jesse,5,5,0.268292683,11,,,,,,,,,,,,,,,,,,,,,,,,,,,,,,,,,,,,,,,,,,,,,,,,,,,,,,,,,,,,,,,,1,,,,,,,,,,,,,,,,,,,,,,,,,,,,,,,,,,,,1,,,,,,5,3,6,,2,start by the path to pond and go clockwise,,"one sulphur out of range, one monarch or viceroy before time started, time was paused intermitently to allow clouds to pass, the blue was not caught and therefore could not be ID'd but based on recent species and time of year it was called a silvery blue, catterpiller on grass check photo (clouded sulphur catterpiller)",,,,,,,,,,,,,,,,,,,,
1227,03-Jul-18,3,0,1.-2,29,2:22,3:27,Jesse,5,5,0.268292683,11,,,,,,,,,,,,2,,,,3,,,,,,,,,,,,,,,,,,,,5,,5,,,,,,,1,,,,,,,,,,,,,,,,,1,,,,,,,,,,,,,,,,,,,,,,,,,,,,,,,,,,,,,,1,,,,1,,4,12,14,,2.01,,,,,,,,,,,,,,,,,,,,,,,
1227,27-Jul-18,4,40-80,3,26,12:30,1:43,Jesse,5,5,0.268292683,11,,,,,,,,,,,,,,,,,,,,,,,,,,,,,,,,,,,,4,,,,,,,,,,,,,,,,,,,,,,,,,,,,,,,,,,,,,,,,,,,,,,,,,,,,,,,,,,,,,,,,,,,,2,,1,40,2,16,2,,,"GDG sprayed the dry pond next to the study pond, maitinance of gravel path, grass cut to edge 75% cut, other pollinators were mostly flies and a couple wasps",,,,,,,,,,,,,,,,,,,,
1209,08-May-18,1,0,4,22,12:45,2:04,Jesse,2,4,0.651162791,28,,,,,,,,,,,,,,,,,,,,,,,,,,,,,,,,,,,,1,,,,,,,,,,,,,,,,,,,,,,,,,,,,,,,,,,,,,,,,,,,,,,,,,,,,,,,,,,,,,,,,,,,,,,,,,,1.9,,,,,,,,,,,,,,,,,,,,,,,
1209,15-Jun-18,2,10,2.-3,23,1:45,2:58,Jesse,2,4,0.651162791,28,,,,,,,,,,,,,,,,,,,,,,,,,,,,,,,,,,,,,,,,,,,,,,,,,,,,,,,,,,,,,,,,,,,,,,,,,,,,,,,,,,,,,,,,,,,,,,,,,,,,1,,,,,,4,8,15,,2.2,start to right of the inlet and go counterclockwise,,"one cabbage white and one clouded sulphur out of range, one black not caought probably a moth.",,,,,,,,,,,,,,,,,,,,
1209,09-Jul-18,3,0,3,25,9:40,11:00,Jesse,2,4,0.651162791,28,,,,,,,,,,,,,,,,,,,,,,,,3,,,,,,,,,,,,9,,2,,2,,,,,,,,,,,,,,,,,,,,1,,,,,,,,,,,,,,,,,,,,,,,,,,,,,3,,,,,,,,11,,,,,,,,,18,12,36,,1.7,,,"two dion skipper resting on vegatation, and two eyed brown resting on vegatation",,,,,,,,,,,,,,,,,,,,
1209,26-Jul-18,4,35,2,26,12:58,1:04,Jesse,2,4,0.651162791,28,,,,,,,,,,,,,,,,,,,,,,,,,,,,,,,,,,,,8,,5,,,,,,,,,,,,,,,,,,,,,,,,,,,,,,,,,,,,,,,,,,,,,,,,,,,,,,,,,,,,,,,,,,,,6,20,16,2,2,,,"One white feeding on purple loosestrife, water level much higher, other insect pollinators were wasps",,,,,,,,,,,,,,,,,,,,
1204,09-May-18,1,10,3,26,1:30,2:45,Jesse,7,18,0.666666667,30,,,,,,,,,,,,,,,,,,,,,,,,,,,,,,,,,,,,,,,,,,,,,,,,,,,,,,,,,,,,,,,,,,,,,,,,,,,,,,,,,,,,,,,,,,,,,,,,,,,,,,,,,,4,4,2,,1.5,,,"one brush footed butterfly out of range, two Mourning Cloaks spotted durring scouting on may 7,2018",,,,,,,,,,,,,,,,,,,,
1204,12-Jun-18,2,15,3.-4,27,2:06,3:23,Jesse,7,18,0.666666667,30,,,,,,,,,,,3,,,,,,,,,,,,,,,,,,,,,,,,,,,1,,,,,,,1,,,,,,,,,,,,,,,,,,,2,,,,,,,,,,,,,,,,,,,,,,,,,,,,,,,,,,,,10,,,,,,1,4,4,,1.5,Start at stream inlet and go clockwise,,"1 common ringlet on flower(figure out no photo) and one resting on vegitation, bronze copper spooked out of grass, caterpiller in wrapped up leaf no photo, ",,,,,,,,,,,,,,,,,,,,
1204,03-Jul-18,3,0,1,24,9:53,11:17,Jesse,7,18,0.666666667,30,,1,,,,,,,,,,2,,,,,,,,,,,,,,,,,,,,,,,,4,,5,,,,,,,3,,,,,,,,,,,,,,,,,,,,,,,,,,,,,,,,,,,,,,,,,,,,,,,,,,,,5,,,,,,,2,,11,5,39,,1.5,,,"One mourning Cloak out of range, Bella saw a summer azure, one cabbage white two clouded sulphur and one monarch feeding on plants the monarch was feeding on milkweed, two bog copper resting on vegatation, three eyed brown resting on vegatation.",,,,,,,,,,,,,,,,,,,,
1204,14-Aug-18,4,90,1,27,12:15,1:45,Jesse,7,18,0.666666667,30,,,,,,,,,,,10,,,,,,,,,,,,,,,,,,,,,,,,,4,,5,,,,,,,1,,,,,,,,,,,,,,,2,,,,,,,,,,,,,,,,,,,,1,,,,,,,,,,,,,,,1,,,,,2,,,,4,,15,18,19,4,1.3,,,"Two least skipper resting on grass and one on the bramble side, didn’t catch any sulphurs in transects but cought ine after time and took as voucher, bronae copper resting om the grass, northern cresent resting on vegatation, viceroy resting on veg and feeding on goldenrod, one ringlet with no spot (maybe eaten) one resting on vegatation, one monarch feeding on purple loosestrife and mony other feeding but not in transect",,,,,,,,,,,,,,,,,,,,8
1347,09-May-18,1,20,4,27,3:18,4:35,Jesse,3,8,0.551724138,32,,,,,,,,,,,,,,,,,,,,,,,,,,,,,,,,,,,,,,,,,,,,,,,,,,,,,,,,,,,,,,,,,,,,,,,,,,,,,,,,,,,,,,,,,,,,,,,,,,,,,,,,,,8,2,,,3,,,One Cabbage white Butterfly out of range ,,,,,,,,,,,,,,,,,,,,
1347,07-Jun-18,2,60,2,17,11:19,12:54,Jesse,3,8,0.551724138,32,,,,,,,,,,,,,,,,,,,,,,,,,,,,,,,,,,,,1,,3,,,,,,,,,,,,,,,,,,,,,,,,,,1,,,,,,,,,,,,,,,,,,,,,,,,,,,,,,,,,,,,2,,,,,,4,8,7,,3,Start at corner nearest winners and go counterclockwise,,"2 clouded sulphur fludering together a caterpiller (clouded sulphur) on milkweed, silvery blue was resting on grass / flowers (no photo wasn’t feeding) and flying, 2 common ringlets resting on the grass, lots of flies on the flowers",,,,,,,,,,,,,,,,,,,,
1347,03-Jul-18,3,0,1,27,11:42,1:08,Jesse,3,8,0.551724138,32,,,,,,,,,,,1,4,1,,,,1,,1,,,,,,,,,,,2,,,,,,7,,8,,,,,,,,,,,,,,,,,,,,,,,,1,,,,,,,,,,,,,,,,,,,,,,,,,,,,,,,,,,,,,,,,,,,,3,3,100,,3.1,,,"one european feeding on a flower (figure out), I think that there was a crossline skipper but not 100% sure I have a photo.",,,,,,,,,,,,,,,,,,,,
1347,31-Jul-18,4,5+10 light clouds,1,22,10:15,11:31,Jesse,3,8,0.551724138,32,,,,,,,,,,,,,,,,,,,,,,,,,,,,,,,,,,,,2,,3,,,,,,,,,,,,,,,,,,,,,,,,,,,,,,,,,,,,,,,,,,,,,,,,,,,,,,,,,,,,,,,,,,,,7,19,9,3,3.2,,,"Talked to an interested kid, one sulphur resting on vegatation, Monarch out of range feeding on thistle and blueweed",,,,,,,,,,,,,,,,,,,,
1616,14-May-18,1,8,2,17,9:45,10:20,Jesse,3,10,0.536585366,22,,,,,,,,,,,,,,,,,,,,,,,,,,,,,,,,,,,,,,,,,,,,,,,,,,,,,,,,,,,,,,,,,,,,,,,,,,,,,,,,,,,,,,,,,,,,,,,,,,,,,,,,,,2,4,3,,2.2,,,One Cabbage white Butterfly out of range ,,,,,,,,,,,,,,,,,,,,
1616,21-Jun-18,2,1,0.-2,17,12:32,1:48,Jesse,3,10,0.536585366,22,,,,,,,,,,,3,3,,,,,,,,,,,,,,,,,,,,,,,,,,,,,,,,,,,,,,,,,,,,,,,,,,,,,,,,,,,,,,,,,,,,,,,,,,,,,,,,,,,,,,,,,,,,,,10,7,16,,2.2,start to the right of outlet and go counterclockwise,,"one common ringlet seen after time, two virginia ctenucha moths almost mistaken for butterflies",,,,,,,,,,,,,,,,,,,,
1616,11-Jul-18,3,15,2,25,2:28,3:41,Jesse,3,10,0.536585366,22,,,,,,,,,,,,,,,,,,,,,,,,,,,,,,2,,,,,,,,3,,,,,,,,,1,,,,,,,,,,,,,,,,,,,,,,,,,,,,,,,,,,,,,,,,,,,,,,,,,,,,,,,,,,,9,10,42,,2.2,,,"One Cabbage white Butterfly out of range, Acadian hairstreak resting on leaf",,,,,,,,,,,,,,,,,,,,
1616,13-Aug-18,4,40,2,23,9:55,11:18,Jesse,3,10,0.536585366,22,,,,,,,,,,,11,,,,,,,,,,,,,,,,,,,,,,,,,3,,5,,,,,,,,,,,,,,,,,,,,,,3,,,,,,,,,,,,,,,,,,,,,,,,,,,,,,,,,,,,,,,,5,,,,1,,18,9,11,8,2.1,,,"Grass cut near the gates 2%, three leasts resting on veg two fludering together, two sulphurs fluddering together one feeding on goldenrod didn't catch any sulphurs, two eastern tailed blues resting on veg and one feeding on birds foot trefoil, one monarch resting on vegatation, one ringlet resting on veg",,,,,,,,,,,,,,,,,,,,
1133,14-May-18,1,5,2,22,11:18,12:47,Jesse,5,15,0.580645161,18,,,,,,,,,,,,,,,,,,,,,,,,,,,,,,,,,,,,5,,,,,,,,,,,,,,,,,,,,,,,,,1,,,,,,,,,,,,1,,,,,,,,,,,,,,,,,,,,,,,,,,,,,,,,,1,3,,,1.8,,,,,,,,,,,,,,,,,,,,,,,
1133,08-Jun-18,2,0,1,22,2:23,3:30,Jesse,5,15,0.580645161,18,,,,,,,,,,,,,,,,,,,,,,,,,,,,,,,,,,,,3,,,,,,,,,,,,,,,,,,,,,,,,,,,,,,,,,,,,,1,,,,,,,,,,,,,,,,,,,,,,,,,,,,,,,,,6,5,3,,2,start at outlet and go clockwise,,"meddow fritillery not captured so best guess, water level higher and a fountain added since last time.",,,,,,,,,,,,,,,,,,,,
1133,04-Jul-18,3,5,0,25,9:50,10:55,Jesse,5,15,0.580645161,18,,,,,,,,,,,,,,,,,,,,,,,,,,,,,,,,,,,,19,,1,,,,,,,,,,,,,,,,,,,,,,,,,,,,,,,,,,,,,,,,,,,,,,,,,,,,,,,,,,,,,,,,,,,,23,5,7,,1.8,,,"two whites fluddering together, four whites and 1 sulphur feeding on the mud left by drying pond",,,,,,,,,,,,,,,,,,,,
1133,23-Jul-18,4,80-95,2,30,2:07,3:12,Jesse,5,15,0.580645161,18,,,,,,,,,,,,,,,,,,,,,,,,,,,,,,,,,,,,20,,,,,,,,,,,,,,,,,,,,,,,,,,,,,,,,,,,,,,,,,,,,,,,,,,,,,,,,,,,,,,,,,,,,,,10,9,4,1,2.1,,,"One white feeding on mud and two fluddering together, mud spread over vegatation on part of the pond shore and study area, cement and large rocks around some parts of pond fenced and path around pond outside fense, water level much higher.",,,,,,,,,,,,,,,,,,,,
1127,14-May-18,1,60,4,26,2:05,3:20,Jesse,5,5,0.774193548,24,,,,,,,,,,,,,,,,,,,,,,,,,,,,,,,,,,,,,,,,,,,,,,,,,,,,,,,,,,,,,1,,,,,,,,,,,,,,,,,,,,,,,,,,,,,,,,,,,,,,,,,,,,,2,2,1,,1.4,,,time was paused during strong winds,,,,,,,,,,,,,,,,,,,,
1127,08-Jun-18,2,0,2,18,10:08,11:28,Jesse,5,5,0.774193548,24,,,,,,,,,,,,,,,,,,,,,,,,,,,,,,,,,,,,2,,1,,,,,,,,,,,,,,,,,,,,,,,,,,3,,,,,,,,,,,,,,,,,,,,,,,,,,,,,,,,,,,,4,,,,,,5,6,11,,1.4,start at outlet and go clockwise,,"all butterflies counted except one cabbage white and 3 common ringlet were outside the fence, amber saw a white admiral, 1 silvery blue was not caught but assued to be same as the others, water level was way down from first time so transect began 2.5m from the high water mark, 2 resting on vegatation and were mating, one flew and carried the other durring mating.",,,,,,,,,,,,,,,,,,,,
1127,04-Jul-18,3,7,1.-2,32,11:30,12:43,Jesse,5,5,0.774193548,24,,,,,,,,,,,,,,,,,,,,,,,,,,,,,,,,,,,,3,,6,,,,,,,,,,,,,,,,,,,,,,2,,,,,,,,,,,,,,,,,,,,,,,,,,,3,,,,,,,,,,,,,,,,,,,8,3,33,,1.6,,,"one white outside the fence, one sulphur feeding on the mud two fluddering together and one resting on vegatation, two comptons resting on vegatation one feeding on the mud left by drying pond.",,,,,,,,,,,,,,,,,,,,
1127,23-Jul-18,4,80,2-3.,28,11:37,12:46,Jesse,5,5,0.774193548,24,,,,,,,,,,,,,,,,,,,,,,,,,,1,,,,,,,,,,7,,1,,,,,,,,,,,,,,,,,,,,,,1,,,,,,,,,,,,,,,,,,,,,,,,,,,,,,,,,,,,,,,,,,,,4,,10,19,3,2,1.8,,,"path of cut grass along some sides, muddy rocky ring around pond from low water (45% area) however in round 4 this area had some flowering vegitation and in round one it was covered by water, one side has buildings and parking lots, one brush footed out of range, dun feeding on loosestrife, one white feeding on mud, one monarch appeared to be flying through and one was feeding on thistle flower,  hummingbird moth seen by road near this pond",,,,,,,,,,,,,,,,,,,,
1134,16-May-18,1,0,2,13,10:23,11:31,Jesse,30,10,0.575,23,,,,,,,,,,,,,,,,,,,,,,,,,,,,,,,,,,,,1,,,,,,,,,,,,,,,,,,,,,,,,,,,,,,,,,,,,,,,,,,,,,,,,,,,,,,,,,,,,,,,,,,,,,,2,2,2,,3.5,,,,,,,,,,,,,,,,,,,,,,,
1134,08-Jun-18,2,0,1,20,12:32,1:45,Jesse,30,10,0.575,23,,1,,,,,,,,,,,,,,,,,,,,1,,,,,,,,,,,,,,,,1,,,,,,,,,,,,,,,,,,,,,,,,,,,,,,,,,,,,,,,,,,,,,,,,,,,,,,,,,,,,,,12,,,,,,1,1,16,,3.5,start at gate and go counterclockwise,,"2 common ringlet fludering together and 1 feeding on a flower(common fleabane), 1 unID'd skipper",,,,,,,,,,,,,,,,,,,,
1134,04-Jul-18,3,1,1,34,2:05,3:15,Jesse,30,10,0.575,23,,,,,,,,,,,,5,1,,,,,,1,,,,,,,,,,,,,,,,,8,,,,,,,,,,,,,,,,,,,,,,,,,,,,,,,,,,,,,,,,,,,,,,,,,,,,,,,,,,,,,,,,,,,,,,4,0,44,,3.15,,,"Long dash skipper was resting on the vegatation, 3 european skipper resting on vegatation, two of the whites were observed in the forested area of the pond area.",,,,,,,,,,,,,,,,,,,,
1134,23-Jul-18,4,25-80,1,23,10:00,11:10,Jesse,30,10,0.575,23,,,,,,,,,,,,,,,,,,,,,,,,,,,,,,,,,,,,6,,3,,,,,,,,,,,,,,,,,,,,,,,,,,,,,,,,,,,,,,,,,,,,,,,,,,,,,,,,,,,,,,,,,,,,4,5,11,,3.8,,,"one White outside the fence, one sulphur resting on vegatation, mowing of top area (check pic) once in season durring round 4.",,,,,,,,,,,,,,,,,,,,
1206,16-May-18,1,0,4,18,12:27,1:45,Jesse,10,25,0.613636364,27,,,,,,,,,,,,,,,,,,,,,,,,,,,,,,,,,,,,7,,,,,,,,,,,,,,,,,,,,,,,,,,,,,,,,,,,,,,,,,,,,,,,,,,,,,,,,,,,,,,,,,,,,,,1,2,,,1.2,,,"damsel flies present, tent caterpiler",,,,,,,,,,,,,,,,,,,,
1206,21-Jun-18,2,0,3,21,2:50,3:59,Jesse,10,25,0.613636364,27,,,,,,,,,,,,6,,,,,,,,,,,,,,,,,,,,,,,,,,,,,,,,,,,,,,,,,,,,,,,,,,,,,,,,,,,,,,,,,,,,,,,,,,,,,,,,,,,,,,,,,,,,,,7,1,19,,1.2,start to left of the bridge and go clockwise,,"2 european skippers fluddering together, catterpiller on leaf check photo just a tent catterpiller",,,,,,,,,,,,,,,,,,,,
1206,06-Jul-18,3,60,4,21,10:21,11:42,Jesse,10,25,0.613636364,27,,,,,,,,,,,,2,,,,,,,,,,,,,,,,,,,,,,,,2,,4,,,,,,,,,,,,,,,,,,,,,,,,,,,,,,,,,,,,,,,,,,,,,,,,,,,,,,,,,,,,,,,,,,,,10,17,32,,1.3,,,"one european resting on vegitation, one white feeding on flowers cow vetch, two sulphur resting on vegatation and one of the sulphurs was the pale version, had to pause time for clouds and wind.",,,,,,,,,,,,,,,,,,,,
1206,31-Jul-18,4,40,1,24,12:30,1:40,Jesse,10,25,0.613636364,27,,,,,,,,,,,,,,,,,,,,,,,,,,,,,,,,,,,,11,,1,,,,,,,,,,,,,,,,,,,,,,,,,,,,,,,,,,,,,,,,,,,,,,,,,,,,,,,,,1,,,,,,,,,,,17,20,7,25,1.3,,,"asphault path around pond but greater then 9m from pond, one white feeding on flower check pic pic blurry, viceroy resting on veg and visiting milkweed, 10% cut",,,,,,,,,,,,,,,,,,,,
1314,16-May-18,1,0,3,23,2:20,3:33,Jesse,25,10,0.705882353,36,,,,,,,,,,,,,,,,,,,,,,,,,,,,,,,,,,,,2,,,,,,,,,,,,,,,,,,,,,,,,,1,,,,,,,,,,,,,,,,,,,,,,,,,,,,,,,,,,,,,,,,,,,,,,2,,,1.5,,,Mud puddle next to pond,,,,,,,,,,,,,,,,,,,,
1314,12-Jun-18,2,30 but light clouds,2,22,10:03,11:20,Jesse,25,10,0.705882353,36,,,,,,,,,,,,,,,,,,,,,,,,,,,,,,,,1,,,,,,,,,,,,,,,,,,,,,,,,,,,,,,,,,,,,,,,,,,,,,,,,,,,,,,,,,,,,,,,,,,,,2,,,,,,5,4,1,,1.5,start in muddy section and go clockwise,,"mud puddle mostly dried up, one comon ringlet was flying abuve tall bush so was unable to catch therefore medium confident, canadian tiger swallowtail flew in from adjacent garden and I was unable to cathch it so medium confidant.",,,,,,,,,,,,,,,,,,,,
1314,06-Jul-18,3,80,3.-4,18,12:33,2:03,Jesse,25,10,0.705882353,36,,,,,,,,,,,,,,,,,,,,,,,,,,,,,,,,,,,,5,,,,,,,,,,,,,,,,,,,,,,,,,,,,,,,,,,,,,,,,,,,,,,,,,,,,,,,,,,,,,,,,,,,,,,9,5,14,,1.5,,,"Had to pause time for clouds and wind, one suphur out of range, 1 white resting on vegatation",,,,,,,,,,,,,,,,,,,,
1314,29-Jul-18,4,25,1,28,2:34,3:45,Jesse,25,10,0.705882353,36,,,,,,,,,,,,,,,,,,,,,,,,,,,,,,,,,,,,5,,,,,,,,,,,,,,,,,,,,,,,,,,,,,2,,,,,,,,,,,,,,,,,,,,,,,,,,,,,,,,,,,,,,,,,8,2,7,8,1.6,,,"Unknow butterly was brown and fast flying, flew high and crossed water, a spreadwing skipper was seen after time, grass cut regularly to the edge of the pond, ashphault along 2 sides, other pollinators were flies and wasps",,,,,,,,,,,,,,,,,,,,
1310,17-May-18,1,2,4,19.5,1:53,3:17,Jesse,5,15,0.564516129,35,,,,,,,,,,,,,,,,,,,,,,,,,,,,,,,,,,,,11,,1,,,,,,,,,,,,,,,,,,,,,,1,,,,,,,,,,,,,,,,,,,,,,,,,,,,,,,,,,,,,,,,,,,,,,3,3,15,,2.9,,,"Dragonflies, damselflies, tent caterpillers, 2 cabbage whites fluddering together.",,,,,,,,,,,,,,,,,,,,
1310,15-Jun-18,2,7,1,18,9:56,11:16,Jesse,5,15,0.564516129,35,,,,,,,,,,,4,3,,,,1,,,,,,,,,,,,,,,,,,,,,,1,,,,,,,,,,,,,,,,,,,,,,,,,,,,,,,,,,,,,,,,,,,,,,,,,,,,,,,,,,,,,,11,,,,,,12,5,19,,2.8,start at corner by path and goodlife and go counter clockwise,,"2 common ringlet fluddering together as well as a one getting attacked by a bird, dead bird.",,,,,,,,,,,,,,,,,,,,
1310,09-Jul-18,3,0,2,29,11:20,12:35,Jesse,5,15,0.564516129,35,,,,,,,,,,,,,,,,,,,4,,,,,,,,,,,,,,,,,8,,6,,,,,,,,,,,,,,,,,,,,,,,,,,,,,,,,,,,,,,,,,,,,,,,,,,,,,,,,,,,,,,,,,,,,8,1,84,,3.1,,,"two long dashes resting on vegatation, 1 white resting on vegatation and two sulphurs fludering together",,,,,,,,,,,,,,,,,,,,
1310,13-Aug-18,4,60,1,26,2:08,3:35,Jesse,5,15,0.564516129,35,,,,,,,,3,,,6,,,,,,,,,,,,,,,,,,,,,,,,,26,,5,,,,,,,,,,,,,,,,,,,,,,2,,,,,,,,,,,,,,,,,,,,,,,,,,,,,,,,,,,,,,,,21,,,,7,,8,5,6,12,2.8,,,"One least skipper resting on vegatation, 3 whites fluddering together then two fluddering three whites feeding on catnip Check photo, one sulphur caugt and tacken as voucher, one easter tailed blue resting on vegatation, two ringlets restin gon vegatation and one feeding on queen annes lace, two monarchs landing on mmultiple common milkweeds and one feeding on swamp milkweed and thistle, other pollinators where wasps and beetles",,,,,,,,,,,,,,,,,,,,
1622,23-May-18,1,40,2,18,10:04,11:22,Jesse,20,5,0.55,22,,,,,,,,,,,,,,,,,,,,,,,,,,,,,,,,,,,,,,,,,,,,,,,,,,,,,,,,,,,,,,,,,,,,,,,,,,,,,,,,,,,,,,,,,,,,,,,,,,,,,,,,,,6,2,,,2.1,,,"damsel fly, fly, dragonfly",,,,,,,,,,,,,,,,,,,,
1622,29-Jun-18,2,0,1,25,11:39,12:41,Jesse,20,5,0.55,22,,,,,,,,,,,,,,,,,,,,,,,,,,,,,,,,,,,,7,,,,,,,,,,,,,,,,,,,,,,,,,,,,,,,,,,,,,,,,,,,,,,,,,,,,,,,,,,,,,,,,,,,,,,31,4,8,,2.6,start at the gate and go counterclockwise,,"talked to one person, two cabbage whites were resting on vegatation",,,,,,,,,,,,,,,,,,,,
1622,18-Jul-18,3,30,1,22,2:40,3:42,Jesse,20,5,0.55,22,,,,,,,,,,,,,,,,,,,,,,,,,,,,,,,,,,,,3,,1,,,,,,,,,,,,,,,,,,,,,,,,,,,,,,,,,,,,,,,,,,,,,,,,,,,,,,,,,,,,,,,,,,,,9,8,7,,2.5,,,Talked to two interested peaople sulphur was outside the fence,,,,,,,,,,,,,,,,,,,,
1622,20-Aug-18,4,0,0,19,10:12,11:15,Jesse,20,5,0.55,22,,,,,,,,,,,,,,,,,,,,,,,,,,,,,,,,,,,,6,,1,,,,,,,,,,,,,,,,,,,,,,,,,,,,,,,,,,,,,,,,,,,,,,,,,,,,,,,,,,,,,,,,,,,,16,11,8,6,2.4,,,"one white feeding on purple loosestrife one resting on vegetation, didn't catch the sulphur",,,,,,,,,,,,,,,,,,,,
1914,23-May-18,1,10,3,21,12:46,2:06,Jesse,20,15,0.518518519,14,,,,,,,,,,,,,,,,,,,,,,,,,,,,,,,,,,,,1,,,,,,,,,,,,,,,,,,,,,,,,,,,,3,,,,,,,,,,,,,,,,,,,,,,,,,,,,,,,,,,,,,,,,,,5,1,6,,1.15,,,"Dragonfly, damselflies, 1 sulfur and 1 brush footed in the adjacent field, bella saw a mourning cloak",,,,,,,,,,,,,,,,,,,,
1914,29-Jun-18,2,45,2,28,1:55,3:24,Jesse,20,15,0.518518519,14,,,,,,,,,,,6,15,,,,,,,,,,,,,,,,,,,,,,,,3,,1,,,,,,,,,,,,,,,,,,,,,,1,,,,,,,,,,,,,,,,,,,,2,,,,,,,,,,,,,,,,,,,,,,,,,,4,4,66,,1.15,start left of the outlet and go clockwise,,"two european skippers feeding on flowers(cow vetch), two cabbage white feeing on(cow vetch), didn’t catch the clouded sulphur, didn’t catch blue but eastern tailed blue based on visual.",,,,,,,,,,,,,,,,,,,,
1914,18-Jul-18,3,15,2-.3,21,12:37,1:54,Jesse,20,15,0.518518519,14,,,,,,,,,,,,,,,,,,,,,,,,,,,,,,,,,,,,,,6,,,,,,,,,,,,,,,,,,,,,,,,,,,,,,,,,,,,,,,,,,,,,,,,,,,,,,,,,,,,,,,,,,1,,7,6,24,,1.2,,,"One white after time, monarch was repeatedly landing on several milkweed plants, water level was lower so more rocks exposed, grass was cut along the the fencenext to the football fields on the pond side 2m wide ",,,,,,,,,,,,,,,,,,,,
1914,21-Aug-18,4,90 but can see shadow,1,20,10:02,11:08,Jeese,20,15,0.518518519,14,,,,,,,,,,,7,,,,,,,,,,,,,,,,,,,,,,,,,,,,,,,,,,,,,,,,,,,,,,,,,,,,,,,,,,,,,,,,,,,,,,,,,,,,,,,,,,,,,,,,,6,,,,1,,6,4,37,,1.2,,,"two whites resting on vegatation, one common ringlet feeding on thistle (pic) three resting on veg one of witch was on cut area",,,,,,,,,,,,,,,,,,,,
1610,24-May-18,1,25,0,18,10:04,11:06,Jesse,20,5,0.604166667,29,,,,,,,,,,,,,,,,,,,,,,,,,,,,,,,,,,,,,,,,,,,,,,,,,,,,,,,,,,,,,,,,,,,,,,,,,,,,,,,,,,,,,,,,,,,,,,,,,,,,,,,,,,6,4,,,3.1,,,"1 sulphur, 1 brush footed out of range, 1 white after time ran out, 1 gossomer wing out of range and after time",,,,,,,,,,,,,,,,,,,,
1610,25-Jun-18,2,15,1,18,12:30,1:32,Jesse,20,5,0.604166667,29,,,,,,,,,,,,1,,,,,,,,,,,,,,,,,,,,,,,,1,,,,,,,,,,,,,,,,,,,,,,,,,,,,,,,,,,,,,,,,,,,,,,,,,,,,,,,,,,,,,,,,,,,,,,4,1,9,,3,start to the right of the outlet and go clockwise,,"Skipper was not coaght but coul have been a european or a least but based on recent abundances european was selected as best guess, most of the moths were along the back side where the forest trail was.",,,,,,,,,,,,,,,,,,,,
1610,13-Jul-18,3,90-100 but could see shadow,2,29,1:09,3:22,Jesse,20,5,0.604166667,29,,,,,,,,,,,,,,,,,,,,,,,,,,,,,,,,,,,,3,,1,,,,,,,,,,,,,,,,,,,,,,,,1,,,,,,,,,,,,,,,,,,,,,,,,,,,,,,,,,,,,,,,,,,,,3,2,12,,3.2,,,Talked to an interested citizen,,,,,,,,,,,,,,,,,,,,
1610,14-Aug-18,4,85,1,25,10:00,11:35,Jesse,20,5,0.604166667,29,,,,,,,,,,,,,,,,,,,,,,,,,,,,,,,,,,,,4,,,,,,,,,,,,,,,,,,,,,,,,,,,,,,,,,,,,,,,,,,,,,,,,,,,,,,,,,,,,,,,,,,,,,,3,3,4,6,3.2,,,"Buffer 1-5m with small rock wall around the pond, wasp killing damselfly, one whit resting on vegatation and one feeding on purple loosestrife, other pollinators were flies",,,,,,,,,,,,,,,,,,,,
1809,24-May-18,1,0,1,19,12:27,1:41,Jesse,35,5,0.618181818,34,,,,,,,,,,,,,,,,,,,,,,,,,,,,,,,,,,,,5,,,,,,,,,,,,,,,,,,,,,,,,,1,,,1,,,,,,,,,,,,,,,,,,,,,,,,,,,,,,,,,,,,,,,,,,9,5,11,,3.4,,,"Dragonflies, damselflies, 1 sulphur and 1 swallowtail (probably a Canadian tiger) out of range",,,,,,,,,,,,,,,,,,,,
1809,25-Jun-18,2,0,3.-4,20,2:03,3:37,Jesse,35,5,0.618181818,34,,,,,,,,,,,1,7,,,,,,,,,,2,,,,,,,,,,,,,,2,,,,,,,,,,,,,,,,,,,,,,,,,,,,,,,,,,,,,,,,,,,,2,,,,,,,,,,,,,,,,,,,,,,,,,,5,5,28,,3.4,start at corner near parking area and go counterclockwise,,"one northern cresent feeding on a flower (common ox eye daisy) and one resting on wood planc untill attacked by a frog, the two hobomok skippers were mating determined to be hobomok based on the flight season in Ottawa.",,,,,,,,,,,,,,,,,,,,
1809,13-Jul-18,3,80 but light clouds,1,28,12:12,1:21,Jesse,35,5,0.618181818,34,,,,,,,,,,,,,,,,,,,,,,,,,,,,,,,,,,,,9,,8,,,,,,,,,,,,,,,,,,,,,,,,3,,,,,,,,,,,,,,,,,,,,,,,,,,,1,,,,,,,,,,,,,,,,,35,30,82,,3.7,,,"mud from drying pond present, 1 Summer azure feeding on flower cow vetch, one large brush footed out of range",,,,,,,,,,,,,,,,,,,,
1809,16-Aug-18,4,0,0,17,10:09,11:32,Jesse,35,5,0.618181818,34,,,,,,,,,,,1,,,,,,,,,,,,,,,,,,,,,,,,,5,,4,,,,,,,,,,,,,,,,,,,,,,,,,,,1,,,,,,,,,,,,,,1,2,,,,,,,,,,,,,,1,,,,,,17,,,,2,,14,15,33,2,3.6,,,"One least skipper resting on vegatation, three whites resting on vegatation, one sulphur feeding on purple loosestrife observed sulphurs were like the second voucher and so was the one that was caught, seen blue after time, One Un ID'd Polygonia flew past very fast and wasnt caught was large so probably a question mark, two norther cresents and one pearl resting on vegatationa and flyin, white admiral was resting on veg then flew away, three ringlets resting on vegatation",,,,,,,,,,,,,,,,,,,,
1501,24-May-18,1,0,1,24,2:22,3:40,Jesse,10,10,0.755102041,37,,,,,,,,,,,,,,,,,,,,,,,,,,,,,,,,,,,,6,,1,,,,,,,,,,,,,,,,,,,,,,,,,,,,,,,,,,,,,,2,,,,,,,,,,,,,,,,,,,,,,,,1,,,,,,1,2,1,,2.8,,,"Dragonflies, Damselflies, one of the silvery checkerspots was basking rather than flying, swallow was hunting",,,,,,,,,,,,,,,,,,,,
1501,21-Jun-18,2,0,1,16,10:00,11:15,Jesse,10,10,0.755102041,37,,,,,,,,,,,11,,,,,,,,,,,,,,,,,,,,,,,,,,,,,,,,,,,,,,,,,,,,,,,,,,,,,,,,,,,,,,,,,,,,,,,,,,,,,,,,,,,,,,,,,,,,,,,3,9,20,,2.8,start to the left of the inlet and go counterclockwise,,two of the lest skippers were fluddereing together,,,,,,,,,,,,,,,,,,,,
1501,10-Jul-18,3,70,4,28,1:30,3:02,Jesse,10,10,0.755102041,37,,,,,,,,,,,1,1,1,,,,,,,,,,,,,,,,,,,,,,,16,,8,,,,,,,,,,,,,1,,,,,,,,,,,,,,,,,,,,,,,,,,,,,,,,1,,,,,,,,,,,,,,,,,,,,,,,10,18,68,,2.9,,,"One white feeding on flower wild parsnip, two sulphur fluddering together, hairstreak resting on leaf of tree, eastern comma resting on tree trunk, some bees and bumbles using parsnip, one large brushfooted out of range",,,,,,,,,,,,,,,,,,,,
1501,16-Aug-18,4,5 very light,1,22,12:35,1:50,Jesse,10,10,0.755102041,37,,,,,,,,,,,20,,,,,3,,,,,,,,,,,,,,,,,,,,12,,4,,,,,,,,,,,,,,,,,,,,,,4,,,,,,,,,,,,,,,,,,,,,,,,,,,,,,,,,,,,,,,,6,,,,8,,7,21,32,6,2.7,,,"four leasts fluddering together three resting on vegatation one pair mating ( one resting on grass and other flew up and matedwith the other), one tawny edge skipper resting on veg and one feeding on purple loosestrife, one white resting on vegatationand one feeding on purple loosestrife, didn't catch any sulphurs but appeared like voucher one, two easter tailed blues resting on vegatation and one resting on veg in cut area, one monarch resting on veg one feeding on swamp milkweed two feeding on purple loosestrife and one flying over cut area, two ringlets restingon veg nd one feeding on goldenrod, about 20% cut by adjacent property owner",,,,,,,,,,,,,,,,,,,,
1306,29-May-18,1,0,2,18,10:12,11:28,"Jesse, Dr. Heather K",5,5,0.431818182,19,,,,,,,,,,,,,,,,,,,,,,,,,,,,,,1,,,,,,4,,1,,,,,,,,,,,,,,,,,,,,,,,,,,,,,,,,,,,,,,,,,,,,,,,,,,,,,,,,,,,,,,,,,,1,,2,5,7,,2.1,,,"dragonflies, damselflies, monarch feeding on dandilion (according to heather), black awallowtail resting on veg.",,,,,,,,,,,,,,,,,,,,
1306,12-Jun-18,2,5,2,25,12:20,1:45,Jesse,5,5,0.431818182,19,,,,,,,,,,,12,,,,,,,,,,,,,,,,,,,1,,,,,,2,,,,,,,,,,,,,,,,,,,,,,,,,,,,5,,,,,,,,,,,,,,,,,,,,,,,,,,,,,,,,,,,,1,,,,,,4,3,15,,1.9,start at outlet and go counterclockwise,,"two silvery blue fludering together, 3 least skipper resting on vegatation, two fluddering together, 1 unID'd black medium-large flying around rasberry thicket and spruce trees (after seeing a similar organism at other sites determined it to be a virginia ctenucha moth).",,,,,,,,,,,,,,,,,,,,
1306,09-Jul-18,3,0,3,31,1:36,2:56,Jesse,5,5,0.431818182,19,,,,,,,,,,,3,,1,,,,,,,,,,,,,,,,,,,,,,,19,,10,,,,,,,,,,,,,,,,,,,,,,,,,,,,,,,,,,,,,,,,,,,,,,,,,,,,,,,,,,,,,,,,,,,,10,8,44,,1.6,,,,,,,,,,,,,,,,,,,,,,,
1306,27-Jul-18,4,40,0-1.,23,10:40,12:03,Jesse,5,5,0.431818182,19,,,,,,,,,,,,,,,,,,,,,,,,,,,,,,6,,,,,,7,,2,,,,,,,,,,,,,,,,,,,,,,,,,,,,,,,,,,,,,,,,,,,,,,,,,,,,,,,,,,,,,,,,,,4,,7,17,12,35,1.55,,,"ten % cut grass near trail, construction all around, one black swallow tail feeding on canada thistle, one white feeding on purple loosestrife, monarch feeding on swamp milkweed.",,,,,,,,,,,,,,,,,,,,
1352,29-May-18,1,0,1,21,12:30,1:43,"Jesse, Dr. Heather K",10,7,0.464285714,26,,,,,,,,,,,,,,,,,,,,,,,,,,,,,,1,,,,,,5,,4,,,,,,,,,,,,,,,,,,,,,,,,,,3,,,,,,,,,,,,,,,,,,,,,,,,,,,,,,,,,,,,,,,,,,5,4,11,,1.2,Start at corner nearest where the car was parked then go clockwise,,"None of the 3 gossomer wings were caought an therefore could not be identified however my best guess is silvery blue. dragonflies, damselflies, tent caterpiller",,,,,,,,,,,,,,,,,,,,
1352,25-Jun-18,2,0.-10,1.-3,16,10:00,11:25,Jesse,10,7,0.464285714,26,,,,,,,,,,,3,4,,,,,,,,,,1,,,,,,,,,,,,,,,,,,,,,,,,,,,,,,,,,,,,,,,,,,,,,,,,,,,,,,,,,,,,,,,,,,,,,,,,,,,,,,,,,,,,6,7,80,,1.2,,,Medium confident about indian skipper ID sisnce it wasn't caught only seen resting on the grass initialy thought that it was a long dash but after further reading determined indian skipper was the more likely option.,,,,,,,,,,,,,,,,,,,,
1352,16-Jul-18,3,60,1,25,10:00,11:34,Jesse,10,7,0.464285714,26,,,,,,,,4,,,,,,,,,,,,,,,,,,,,,,,,,,,,11,,4,,,,,,,1,,,,,,,,,,,,,,,,,,,,,,,,,,,,,,,,,,,,,,,,,,,,,,,,,,,,,,,,,,,,,11,56,44,,1.2,,,,,,,,,,,,,,,,,,,,,,,
1352,23-Aug-18,4,15,1,24,2:05,3:25,Jesse,10,7,0.464285714,26,,,,,,,,,,,15,,,,,,,,,,,,,,,,,,,1,,,,,,17,,3,,,,,,,,,,,,,,,,,,,,,,3,,,,,1,,,,,,,,,,,,,,,,,,,,,,,,,,,,,,,,,,,,,,,3,,15,18,73,2,1.2,,,"one least skipper feeding on birds foot trefoil and three resting on vegatation, two white pairs fludder together, sulphur was like the secon voucher, two eastern blues fluffering together one resting on vegatation didn’t catch one, ",,,,,,,,,,,,,,,,,,,,
1220,30-May-18,1,12,3,21,10:00,11:10,Jesse,20,10,0.555555556,30,,,,,,,,,,,,,,,,,,,,,,,,,,,,,,,,,,,,,,1,,,,,,,,,,,,,,,,,,,,,,,,,,4,,,,,,,,,,,,,,,,,,,,,,,,,,,,,,,,,,,,,,,,,,5,3,6,,3 then back and fourth twice as the forest gets in the way,,,"1 blue was not caught but is likely the same as the others. dragonflies, damselflies",,,,,,,,,,,,,,,,,,,,
1220,15-Jun-18,2,3,1,21,11:50,1:12,Jesse,20,10,0.555555556,30,,,,,,,,,,,1,1,,,,,,,,,,,,,,,,,,,,,,,,2,,,,,,,,,,,,,,,,,,,,,,,,,,,,2,,,,,,,,,,,,2,,,,,,,,,,,,,,,,,,,,,,,,1,,,,,,12,9,15,,3 then back and fourth twice as the forest gets in the way,Start at corner near road and driveway and go counterclockwise,,"catterpiller on the clipboaurd, a butterfly like yellow moth, checkerspot sunning on veatation.",,,,,,,,,,,,,,,,,,,,
1220,10-Jul-18,3,45,1,24,10:23,11:59,Jesse,20,10,0.555555556,30,,,,,,,,,,,,,3,,,,,,,,,,,,,16,,,,,,,,,,5,,2,,,,,,,,,,,,,,,,,,,,,,1,,,,,1,,,,,,,,,,,,,,,,,,,,,,,,,,,,,1,,,,,,,,,,1,,7,2,45,,2+4 back and fourth,,,"one delaware feeding on milkweed, 6 duns resting on vegatation, the unidentified brush footet could have been a comptons, a question mark or a fritillery or maybe a monarch as it was large and orange, the monarch was resting on vegatation and flying",,,,,,,,,,,,,,,,,,,,
1220,31-Jul-18,4,35,1,24,2:17,3:40,Jesse,20,10,0.555555556,30,,,,,,,,,,,,,,,,,,,,,,,,,,2,,,,,,,,,,3,,,,,,,,,,,,,,,,,,,,,,,,,,,,,1,,,,,,,,,,,,,,,3,,,,,,,,,,,,,,,1,,,,,,,,,2,,4,1,15,,3 then back and fourth twice as the forest gets in the way,,,"Monarch caterpiller on milkweed qnd one monarch feeding on loosestrife, two pearl crescent resting on veg, white admiral before time, medium brown looked like the one from 1314",,,,,,,,,,,,,,,,,,,,
1236,30-May-18,1,20,1,26,12:20,1:44,Jesse,10,10,0.388888889,14,,,,,,1,,,,,,,,,,,,,,,,,,,,,,,,3,,,,,,6,,,,,,,,,,,,,,,,,,,,,,,,,,,,4,,,,,,,,,,,,,,,,,,,,,,,,,,,,,,,,,,,,1,,,,,,1,2,4,,3.1,Start at corner by rexal and go clockwise,,"2 silvery blue not caught but most likely same. Common ringlet did not have eyespot on fron underwing. dragonflies, damselflies",,,,,,,,,,,,,,,,,,,,
1236,22-Jun-18,2,5,1,20,12:22,1:50,Jesse,10,10,0.388888889,14,,,,,,,,,,,12,61,,,,,,,,,,,,,,,,,,,,,,,,7,,,,,,,,,,,,,,,,,,,,,,,,,,,,,,,,,,,,,,,,,,,,1,,,,,,,,,,,,,,,,,,,,1,,,,,,12,14,16,,2.9,,,"two least skipper fluddering together, 3 pair of earopean skipper apper to be fighting or about to mate anf 4 pair fluddering together, two cabbage white mating.",,,,,,,,,,,,,,,,,,,,
1236,18-Jul-18,3,10,2.-3,18,9:55,11:33,Jesse,10,10,0.388888889,14,,,,,,,,1,,,,,,,,,,,,,,,,,,,,,,,,,,,,6,,1,,,,,,,,,,,,,,,,,,,,,,,,,,,,,,,,,,,,,,,,,,,,,,,,,,,,,,,,,,,,,,,,,,,,33,39,17,,3.15,,,"Water level lower, talked to interested person.",,,,,,,,,,,,,,,,,,,,
1236,20-Aug-18,4,50,1,26,2:08,3:10,Jesse,10,10,0.388888889,14,,,,,,,,,,,11,,,,,,,,,,,,,,,,,,,,,,,,,13,,,,,,,,,,,,,,,,,,,,,,,,,,,,,,,,,,,,,,,,,,,,,,,,,,,,,,,,,,,,,,,,1,,,,,,5,9,6,4,2.8,,,"two least skipper resting on grass, four whites fludderingtogether one resting on vegitation",,,,,,,,,,,,,,,,,,,,
1428,30-May-18,1,80,1,28,2:30,3:40,Jesse,8,15,0.456521739,21,,,,,,,,,,,,,,,,,,,,,,,,,,,,,,,,,,,,1,,1,,,,,,,,,,,,,,,,,,,,,,,,,,4,,,,,,,,,,,,,,,,,,,,,,,,,,,,,,,1,,,,,,,,,1,,1,1,5,,2,Start at corner by road intersection to the right of the outlet and go counterclockwise,,"Viceroy feeding on busch flower check pic Red oiser dogwood, 2 possible gossomer wing crysalis on plant (check photo) ",,,,,,,,,,,,,,,,,,,,
1428,22-Jun-18,2,3,0,17,9:59,10:20,Jesse,8,15,0.456521739,21,,,,,,,,,,,2,,,,,,,,,,,,,,,,,,,,,,,,,1,,,,,,,,,,,,,,,,,,,,,,,,,,,,,,,,,,,,,,,,,,,,,,,,,,,,,,,,,,,,,,,,2,,,,,,21,17,22,,1.8,,,"one european skipper resting on the grass, cabbage white feeding and flying",,,,,,,,,,,,,,,,,,,,
1428,16-Jul-18,3,30,2,29,11:55,1:17,Jesse,8,15,0.456521739,21,,,,,,,,,,,,,,,,,,,,,,,,,,,,,,,,,,,,12,,10,,,,,,,,,,,,,,,,,,,,,,,,,,,,1,,,,,,,,,,,,,,,,,,,,,,,,,,,,,,,,,,,,,,,,12,14,16,,1.35,,,"three of the sulphurs are the light form and three were feeding on flowers(parsnip, thistle, cow vetch), three cabbages feeding on flowers(cwo vetch and thistle) and resting on vegatation, medium confident about the american snout.",,,,,,,,,,,,,,,,,,,,
1428,16-Aug-18,4,0,1,23,2:30,3:55,Jesse,8,15,0.456521739,21,,,,,,,,,,,6,,,,,,,,,,,,,,,,,,,,,,,,,24,,4,,,,,,,,,,,,,,,,,,,,,,3,,,,,,,,,,,,,,,,,,,,,,,1,,,,,,,,,,,,,,,,,8,,,,,,5,2,14,2,1.7,,,"One white feeding on cow vetch one flying over the cut grass one feeding on common evening primrose three feeding on purple loosestrife, one sulphur fluddering with a white, both sulphurs caught and the ones observed appeared like the secon voucher, two easter tailed blue fluddering together flying up about three meters then separating and coming down then repeating, comma flying then resting on dead parsnip thought it might be satyr but after more reading and photo decided it was eastern comma, one ringlet feeding on dogwood bush one feeding on annual fleabane and one flying then resting on veg, monarchs observed not in transect though",,,,,,,,,,,,,,,,,,,,
